PC1,PC2,cluster
-0.9835121132992358,-0.57669006548695,0
-0.8417470989397936,0.7516731754117947,0
-0.46999563762811347,-0.5265720208685641,0
-1.184493800800258,-0.30202079706411944,0
-1.6634561572936013,-0.7092454757497902,0
-1.164729706619526,-1.3292644280735517,0
-0.5099787594599164,0.4652161205089287,0
-1.116666866871484,-0.7478390598737154,0
0.022631842633792663,-0.34855864229265243,0
-1.6835993847878532,0.9289619169919647,0
-1.4570810139709391,0.6920438327221617,0
-1.2057376073567068,-0.6331116533313274,0
-0.8620647540173726,0.002991895879262687,0
-1.1656063627749638,-1.1335246215266404,0
-2.5587128897953533,-0.5493098619732452,0
-1.465952099427432,1.1871860141992705,0
-1.6695329471698832,-0.005414941847101283,0
-0.5057315104950892,-0.9249052520307488,0
-0.16353780762911443,-0.3578937909755155,0
-0.325813602840029,0.3508210261388949,0
0.30323369744685574,0.22500239125067503,0
-0.005816310640888034,0.8207455924944913,0
-0.38931963472868425,-0.49632227573097487,0
-0.958133714861701,0.15350581363212884,0
-1.6883342236501087,-0.11395066344229471,0
-0.18791283299827144,1.0161736176930993,0
-0.5737739825185066,1.4069937481753956,0
-0.21192520672394827,-1.5926654765404378,0
0.08513559527713557,1.3554204554153568,0
-0.5327192419736677,0.7564106489906237,0
-1.7198913742573658,-0.2802425914357424,0
-0.38453116111983926,-0.9116643599046023,0
-0.8889548395089388,-0.04293306778265206,0
-0.6103805791236255,-1.0143043582785194,0
-2.337945681059269,0.20029841316169444,0
-0.7506173198354277,-0.23671508151736692,0
-1.4324273679335973,-0.2310357129546129,0
-1.125323438940011,-0.05107376406517479,0
-0.7646215451849693,-0.9357567050159087,0
-0.26968170027485944,-0.01858047288217772,0
-0.9519836642357934,0.9097300912325176,0
-1.4345791479823728,-0.5948993799193942,0
-0.16583694141484792,0.2154485241678397,0
-2.4406977292877663,-0.5648533144426252,0
-1.206138785835113,0.37444428825925535,0
-0.29287554757398604,-0.3700974521172809,0
-1.0396636732616347,0.9886252348972747,0
-0.7764454857524138,0.12187918552948042,0
-0.2109498820109269,-0.22161791008676304,0
-0.635878915993604,0.6590830579886314,0
-1.1234633699338104,-0.3887862749918917,0
0.19046124728686817,1.4943603507110623,0
0.7246729367673139,-0.06849565230148176,1
-1.2472137496441462,0.8537417630652101,0
-0.6264903106557119,2.0388835621798918,0
-1.4177822315935755,-0.5154537413823959,0
0.4168535915053584,0.10617344701998338,1
-0.9681277037405007,0.47913698294228124,0
0.3652023383428636,1.4105181186458076,1
-1.441607561324108,0.29847348013637015,0
-1.9130408243229098,-0.11034804357739489,0
-1.3084581991270305,-0.4346490036339376,0
-1.4063875965506307,-1.243483835842832,0
-0.8694811826968721,1.8508412882627001,0
-0.5391486819910859,0.6825953126702126,0
-1.713175959417712,0.8780627375637086,0
0.24276937379765484,-0.964256758759218,1
-1.3414390495617736,0.7102433693964961,0
-0.3408412679402526,-1.2702035478758675,0
-1.399616488660781,0.562192623974453,0
0.507630491291543,0.7650925711444899,1
-0.5554279069490219,1.418956168693724,0
-0.7254487133925714,-0.670366073691947,0
7.46579985560407e-06,1.5814871260207115,0
-0.4086425620877218,-0.4124971116491952,0
-1.5640701790687952,2.153681054498526,0
-0.4840521521146932,1.5673841782737499,0
0.019836386135226806,1.709764582837908,0
-0.4755573771933778,0.992239896756593,0
-1.5048219645508647,1.7294323638604294,0
-1.6052014754389587,-0.5465296980763371,0
-0.7636935968961691,1.1938738981601569,0
-2.487323349449926,0.8409227281440573,0
-0.5320491299833404,-1.4545625639145263,0
-0.7347727448448295,-0.6251601710519964,0
-0.9502473777155085,-0.2891404044294478,0
0.3636203589650451,1.132122268454234,1
-1.2670318379941405,0.9721576483074894,0
-0.7688309137230503,0.3378113388343838,0
-0.07349369126865773,0.10475992620657124,0
-1.6723605740238217,0.05464854884533595,0
-0.7291561392358928,-1.1594515674647017,0
-0.8554447416012437,1.7100650924851846,0
-0.5814207518737474,-1.0041902683256339,0
-1.3423102535910627,0.6690645353601372,0
-1.9905431593598766,-0.27866458855360565,0
-2.034957110521288,-0.9512329508372271,0
-1.8723503229847434,1.6503355302806597,0
-0.6910446441444446,0.7733725173047314,0
-1.1413712796126743,2.081270172815921,0
-0.2111714328217876,0.7113523295963364,0
-1.3816623608642387,1.0712561044871798,0
-1.078360866942284,-0.6603875792510351,0
-1.0106440496326679,-1.2790179185792196,0
-1.1420569546520805,-0.054287774044188546,0
-0.1313162740246384,-0.361569537993431,0
-0.5352265335770257,-0.5934141262148885,0
-1.8730299209353012,-1.4095525782286593,0
-0.55679772426152,0.8400606407769192,0
-1.3205814206806856,-1.7601022217306268,0
-0.8820599729486657,0.5146529653329208,0
-0.7857248844287944,-1.3236976634000825,0
-1.2129643186083752,-1.0600977576913617,0
-1.1818396106851434,-0.5892342152339548,0
-0.30346562039306724,0.41889661891590674,0
-0.7816936395557058,-0.40082919910833814,0
0.12014686941168978,-0.7552561283582336,0
-0.6021486591427612,0.23114985576380806,0
0.23723649663138277,0.5814779833925577,0
-0.2134249010892719,0.6122550194395078,0
-0.5951031988954699,-0.9077718060970794,0
-1.2060708725844558,-0.8677592170780021,0
-0.7406055063059634,-2.113814673587256,0
-1.3127453875751318,-0.3767257662663511,0
-0.8489251196924731,-0.6750265163415574,0
-0.22279532033871446,-0.11218509876535573,0
-1.4574793887151531,1.1636144302523046,0
-0.07460335748678182,1.2092510886124337,0
-0.6943755942035644,-1.0389153930457786,0
-2.1268527355443707,0.11117288709489952,0
-0.5837583394102432,-1.0409408598642294,0
-0.3298869747145474,0.9343210664709716,0
-1.3200156619703254,-0.559315370779748,0
-0.6305791160838986,0.6976360097592925,0
-0.7305759355904726,0.6336432435299255,0
-1.039562428558881,0.4282110362511965,0
-0.4677716259629971,-0.4637256010269656,0
-1.6412335884209037,-0.19837514321159413,0
-0.39288964791535513,0.2653787413439311,0
-0.20509512531796545,-0.1556138556168849,0
-0.8704210253712511,-1.1154397718161448,0
-1.410626553995598,-0.15973561186926125,0
-1.0530466638473615,0.36097817313020425,0
-0.490621304157318,-1.2794375611298912,0
-0.17845850075372074,0.8402462752382857,0
-1.295894242624695,-1.4280509188322061,0
-0.8747577353155832,0.8087450685619251,0
-0.08317466410258198,-0.8209020741926182,0
-0.8012778083406032,0.17759803146472425,0
-0.1883201310447807,0.3367339465228757,0
-1.2057934202493585,1.0974304978003013,0
-0.5643792015670849,-1.969904780491494,0
-1.0644629444556568,0.5637842755707829,0
-1.5976158120004023,0.09255748873394906,0
-1.7162683575248368,0.900293738206244,0
-0.4906628323815934,-0.14019017622186852,0
-1.6893947856210152,-0.9506665118134495,0
-1.4883423138206504,-0.9794832329963988,0
-0.2691747869920206,0.14122720889076928,0
-0.11893462399964166,2.0973609593284364,0
-1.4083497335763497,-0.7999484170194523,0
-1.443947872339988,0.980810624442561,0
-0.9473899643851208,0.22166072262540765,0
-0.06090846248554969,-0.20512308127211273,0
0.7581986085222518,0.3697586933340238,1
-0.33309325907525894,0.01947935803443552,0
-0.7584207404672756,1.3467570023715818,0
-1.5710396804702684,0.41790269082764586,0
0.3300921396274969,1.071876326066773,0
-0.5897147762745748,1.512602184648927,0
-0.5544366819852978,1.0007410271877164,0
-2.143107982722632,0.10973430066403357,0
-1.066526552957438,1.133355007720913,0
-1.3208053462028153,1.1600587596506051,0
-0.2748213772532043,-0.7359561981081959,0
-1.6512345422300376,-0.24856930222437992,0
-0.6353153775194252,0.9913332266975907,0
0.8207949265529092,1.0133628565869206,1
-1.6671052706489018,-0.19220968677292227,0
-0.7454480035144859,1.3655137775813364,0
-1.1651066227013154,1.2777571925705873,0
-0.42025849748716326,0.15867254289364688,0
-0.8516106735703645,1.2278028249224726,0
-1.462893257111543,0.4561507915815626,0
-0.5313303169448743,0.5256410691351419,0
-0.03461105543165805,0.8860797706562032,0
-0.7161790852707679,0.6705193075543753,0
-1.4992838293848647,-1.070620182301334,0
-1.5068272876341702,-0.04815624104559202,0
-0.5914257064466503,0.2869069005235691,0
-1.6537055118509838,-0.7300295843721235,0
-0.8616060288210722,0.6668560157057308,0
-1.325478258721067,0.03995134221996881,0
-0.2650779248825384,0.4242892993439495,0
-0.5902599711671587,-1.316044578065138,0
-0.02671227302848298,1.4382018342093523,0
-2.436294450919167,0.12675556543667638,0
-1.3061525967132612,0.21445564424708646,0
-2.1080032176554755,-0.45999364856328234,0
-0.2673119207051633,-0.1544921754546098,0
-0.47479390680318967,1.095969966367239,0
0.5227564487810273,1.3895098769692316,1
-1.424022448159528,1.0547402769131111,0
1.3285444895804266,0.3484282955950739,1
-0.2682510204733203,-0.9274604299723085,0
-0.09455405981200618,0.6990450466403637,0
1.0738389441866694,-0.03145256248878138,1
-1.1972903769861383,-0.6085714817968989,0
0.02256903471739865,0.10367416956798216,0
1.1606296893167705,-0.641361044018713,1
-0.12447960725370358,1.3512126874291657,0
2.8484357062451346,1.2618072199449826,1
0.5676207350326269,-0.22656170991568203,1
0.37335346387979185,-1.9359002062299688,1
0.04977763830649864,-0.6787491825221209,0
2.521064749364557,0.08385337701435812,1
1.693386520994466,0.3908324619427887,1
0.7320557261085345,-1.6114258358868403,1
0.042356989501886676,-0.6650872299089993,0
-0.15740386686968016,1.3090037947101076,0
2.0542117095348145,-1.119794882980644,1
1.9701674942412675,-0.29215375138048677,1
-0.39498969214441515,-0.7017205196343401,0
0.016347567992435218,-1.3080927248420589,0
1.725677692066688,-0.2989952663246429,1
2.0405463700132955,-0.955733171150842,1
-0.6354822660066632,-0.7066691715163077,0
-1.4183547400020826,1.244630856506528,0
-0.4055578225281249,0.6329760948629147,0
0.41757118915752106,-0.054224862599006336,1
-1.2615760729003993,-1.053585478632399,0
2.229309422464937,1.014384648152614,1
0.6554958232171604,-1.0967849437430457,1
-0.426089321593108,0.004810534440947456,0
0.9426628361190454,1.0948469746018625,1
1.339349420096419,-1.777969823787787,1
-0.43422304603350576,-0.32687102807722307,0
-0.014730077800278664,0.269758478598933,0
0.004789710582425774,1.5784926646733324,0
-1.0662721524261574,-0.46155233032838494,0
1.446283136357681,0.4092114380250314,1
2.379254763402447,1.4305985428045578,1
0.9141743470870446,1.449316058259614,1
1.8591589981857783,0.8425568020308625,1
-0.3057616779439322,-0.9996402975082943,0
1.2798737029878116,-0.1296951289559058,1
-0.2765969701718252,0.01937778229332045,0
1.971062171441989,0.0881929293822362,1
0.23217581893749542,0.788447666679886,1
-0.5986649723902996,-1.5357958781471928,0
-0.9066589346711238,1.4961168985280968,0
-1.057067038809361,0.06397577978165102,0
-0.4712340937034111,-0.27107194911617116,0
-0.08348426094595116,-0.8379561944798619,0
0.45265799561587017,1.1338569092714532,1
-0.6844614403575479,-0.31965793959119954,0
1.5773913353863198,0.46222973904309506,1
-0.7605209045995232,0.030780152919069475,0
1.4707181660731028,0.7321863079801016,1
2.775176746684364,0.8195036993402488,1
0.5624481626499926,-0.2310277509438347,1
-0.21832996658211679,-0.9067489018297947,0
2.283298218156913,0.49946234745353174,1
0.6244195427450238,0.07193676870698398,1
-0.5748393999936415,1.5969791872105006,0
1.1654630997839148,0.5424926532357607,1
2.9911894976314883,1.3136300685099727,1
1.1691505931369204,-0.550222340468894,1
1.329014466709411,-0.6987300463362712,1
1.0543727755223546,-1.93659428724484,1
2.896183558921346,-0.7869719932947996,1
0.018419330261991183,-0.5909842361064972,0
-0.964412612881463,-0.4362513463094527,0
0.7763383010415784,0.35131508139819184,1
1.3097159837774566,-1.412625401447759,1
-1.3075746974019173,0.656252862945455,0
0.8387046297799146,-0.11019408584386443,1
1.7426475144548952,0.3697720455659251,1
1.002659954902434,0.24376231775713647,1
1.1910091559232747,-1.4230140152069275,1
0.41258304018683445,-0.4123339642533948,1
-0.009872252445523345,-0.2006773711104933,0
1.385900864174642,1.3604699692870663,1
0.30943805372108346,-0.6870931288873421,1
0.5313186661326473,-0.5540131749561327,1
0.5865781089235204,-1.0275006233939439,1
2.277838327156318,0.9211456318570226,1
1.947549202068788,-0.5498099647859798,1
-1.3744849002885484,-1.7584413897061864,0
0.8098073406048582,-0.5095674939660951,1
-0.6505006534040467,-0.846137503433021,0
2.8568504535361656,0.5761942295706045,1
1.2122468570482539,-0.632892700992611,1
0.9046706450391363,-1.9093873819347902,1
-0.6088367439317275,0.29044671576094216,0
1.224949085570432,0.8823759101643451,1
0.4967069425777999,-1.2678759367922723,1
1.863777019921438,1.1331105801682668,1
-0.8082381161611543,0.9774726499621491,0
0.6777675371780673,-0.39709567974465504,1
0.9865332409043794,1.6516317873077089,1
1.784330385274166,0.5570494098651076,1
0.780073463973986,-1.6242729072544286,1
1.395259536924515,0.8822023865279264,1
2.5079874020646504,-0.9519647385005837,1
2.6463978509759025,1.120565806706721,1
0.5017096732874219,-0.34450547197895437,1
0.7770129178579912,-1.5971046699962985,1
2.3455014603021325,-1.9600533261114306,1
0.4579697270660407,-0.9141097390270667,1
-0.11191701606780755,-1.145377877433495,0
-1.1494639404661329,1.1293920604421057,0
2.8866923409306864,-0.019812298854956317,1
1.8701364109823042,0.26092385129155243,1
0.20538292617381362,1.6700531275968566,0
-0.3517999417663915,-1.062580054971772,0
-0.3509737693274658,0.9505514141925836,0
1.5966177367293082,-1.2276036369393095,1
0.8901869970338027,0.5773920697016339,1
-0.1274061967816594,0.9116708571324442,0
-0.1749708819085151,-0.9146341356291107,0
0.8170271746277754,-0.20050533326766828,1
-0.5577243097905276,-1.1569103350113779,0
-0.2673615394020836,-0.5410868518029626,0
1.137597994333821,-0.3648974378353544,1
0.5423831347885228,-1.4161107476652735,1
-0.5851156372763011,-1.090296422412767,0
0.3070941518009538,-0.33467605526382266,1
0.47039126519006424,0.2492690638284336,1
-0.20866321905745142,1.7598005577005638,0
1.1289296072017256,-0.6348410971410943,1
-0.6259363618152617,-0.9440145007671639,0
-0.6963235608883241,0.17751626526833875,0
0.6207247817441052,0.2406664263803006,1
2.7589560429970534,0.6824079961015251,1
0.6340532309560188,0.33716341687425216,1
1.4682720135433727,1.125065514588322,1
-0.25175364433431247,-1.6530165601521787,0
1.2400230814482889,0.6700328624086566,1
2.2907098084464055,-2.184106080565523,1
1.488373487862022,0.6310016158439663,1
-0.21562071864874874,-1.1836133156651871,0
0.008588782522799952,0.7420703255938603,0
-0.5183297102372414,-0.6019737570641667,0
0.22965756755364977,1.6925860404499915,1
1.3750868482148921,2.2067897776426606,1
-0.791921569520906,1.8217586640756607,0
0.40895346387075865,0.9687780503059721,1
-2.085030246805074,-1.3300758944071582,0
-0.8964658600051975,0.12046301588654003,0
-1.8178471760402504,-0.48334154082998043,0
0.14101410957533447,-0.6426368139748776,0
1.7667219866591612,1.205469014819195,1
0.2951958649633804,2.1048576186551022,0
0.051904954347155106,1.0496173802066113,0
1.3699361083854116,1.0222865845986011,1
1.3784965215159766,1.8449675018290783,1
0.09474228903365581,-0.35938673762970236,0
-0.786537423683311,-1.4654494964642026,0
1.54686525390543,-1.599579742488089,1
-0.6462008838034382,-1.25306485018275,0
1.0939931225733048,0.8891610706602923,1
0.7946804935441257,-1.875865049427359,1
-0.6351626108786996,-1.8201752633179888,0
-0.5795788636131105,1.3294848985354328,0
-1.1501988069301026,-0.37096915055672786,0
1.3377382480394318,2.4226498385988013,1
-0.6076849028101536,-0.4811638729872792,0
2.6639097690859286,-0.021655886193422746,1
0.5559995779531975,-0.7214085394506838,1
-0.18933477156535156,1.933793380801234,0
-0.018381479316698042,-0.8322147284922868,0
1.2578966125572766,-0.1864992276579599,1
-0.44083444843868147,0.07614867520427875,0
1.1854279993601438,1.85121719714337,1
-1.66654756688104,-2.0548220331163862,0
0.6923742980247295,-0.06412867980099043,1
-1.563521298419096,1.3570841761823849,0
-2.41333117500199,-0.8025811723567681,0
-0.23523856767291804,0.3890761969663263,0
-0.2507649407461068,-1.0049179686549228,0
-0.021718020008827672,2.14579658052927,0
1.2438630228837457,-0.48938604029560134,1
1.4745192402532963,1.4504326479627903,1
0.956121114647898,0.27969257126665586,1
1.0352712844568328,-0.34436752373735985,1
0.5693234168680237,0.428614015437428,1
1.0890016279775476,-1.732236863845131,1
0.7871936743964656,-0.14019519285006707,1
0.049860739994109414,-0.9016608335490183,0
0.43841175005100674,0.39260150876321775,1
-0.009326840914688363,1.402866200088729,0
1.6228033278123357,-0.7408712918136711,1
0.15494857967257442,-0.9153514987183545,0
-0.8788087852554031,-1.027317866562627,0
2.381344676215246,0.9272328937627677,1
1.4944766933085336,1.6690322177665882,1
0.7565552975123785,1.1816813771380894,1
-0.8605982998526707,1.3020829417506956,0
2.3720014366448705,-1.438975259946709,1
1.1723480968214632,-1.795282317216583,1
-0.28247376317497064,-1.599621718646178,0
1.1602226374838605,-0.8883899879071048,1
-0.4681157872118748,-0.7985027515937839,0
0.6004106432292285,0.6874378160363391,1
0.3853986069510637,0.029278862025334383,1
0.9794931035690843,0.8271573068797335,1
0.45175056065307945,-1.33388128137045,1
1.5085921700656106,-0.0646066471717265,1
0.23988077796009674,-1.839071230602464,1
0.4383277726032798,0.23722759525715428,1
1.0800179483113266,-1.5404639126943152,1
0.9684117417452642,-0.8648980136363095,1
0.07667948888715528,-0.2959448644212028,0
1.2892202473526426,1.3150852667072006,1
0.694796346690202,-0.09761793637054465,1
-1.0934477467439332,0.5525124823088332,0
-0.1717977121019091,-1.8194401809847502,0
1.378155330100035,-0.5229761078774111,1
0.015861624105093432,2.3740643276289215,0
-1.3521605607609544,1.6780425919547466,0
-1.4001270291547483,0.34762943303226695,0
0.7180972232042194,2.543429527392359,1
3.2333363040039496,0.41022815594965895,1
-0.24944478372408793,0.414578590685063,0
0.510364852028858,-2.179962562223893,1
0.1087955167586834,-1.3650359154292826,0
0.598161995401177,-2.3499482023228446,1
1.509306208093196,-0.3782022770758729,1
1.5635340422317259,-0.5325925919964688,1
-0.10741858909825544,1.6268518019474094,0
2.653494203404474,-1.2024433296475754,1
0.5451126969551975,0.5487972635152034,1
1.660198919767818,0.7682155392437626,1
0.4220520734155321,1.3763987616030728,1
-0.42607010551806623,0.491981629101372,0
-1.6344807220528064,1.179471730926373,0
0.48762886771382424,-0.4841451764727887,1
2.121051570460759,-1.6914237920730424,1
1.0014862638889857,-1.0217854526590786,1
1.1924567483107245,-0.368223878396912,1
0.9213103525538957,-0.023734738014301753,1
0.9462271196401497,-0.7770171712027415,1
0.5312927591139726,0.8841001458689965,1
2.021249413974471,-1.6183935422714881,1
2.1744648941580635,-2.031135655168899,1
0.8872905625850229,1.2866305753873823,1
0.3507739465501453,-0.8393253955492377,1
1.3529150276972948,1.1279534150364028,1
-0.26716659421439976,-1.7899621957760992,0
-0.22395368276246783,0.16088932425448432,0
1.218275391677987,-0.8279470810126563,1
0.42645012573944235,0.8995871045867515,1
1.0124972611145702,-1.2809874930998513,1
0.11296795310920242,-1.4393295793496323,0
0.40642169045512083,-0.6197326837965377,1
1.6997074619304087,0.13359286439018164,1
0.15635270480339572,0.3921921868993293,0
-1.6778317363272044,0.8983974888050755,0
1.3618086775558393,-1.5316325329252323,1
0.20075873068680689,-1.9532742690056442,0
-0.5530541876963491,-0.47136941916591757,0
2.198370374298748,0.39597918226853235,1
-0.1703133252279518,-1.525310355298087,0
0.24827178953362042,0.22350723812728807,0
1.598316346837467,1.1748458000461894,1
1.239498718768466,-0.7551811714577584,1
2.5901010703459795,1.6428104807894077,1
1.6394610479095901,0.05417589912199762,1
0.2755422811566445,-0.650800692263254,0
-0.8747708324600318,-0.034838951809710354,0
1.2827361697553519,0.8970434224697764,1
0.0004433180952242646,0.8254403410025567,0
0.1990139437232353,0.15376372584958706,1
2.1200817442678477,-0.2792244228497703,1
1.8387724198937239,-0.459292794340669,1
0.10935790395396386,-0.2566586931021582,0
-0.673870010196701,-0.13234149439045698,0
1.1201119231323364,0.6995227628797959,1
1.5272995803474072,-0.7718731754021059,1
1.6852865412343112,0.5672960896094305,1
0.33584243348531934,-2.0665343657873776,1
1.3866236078590144,0.5662170413165326,1
0.08429065665298532,-0.44059658484500985,0
1.160789244694564,1.1802852418084961,1
2.4518563875822035,-0.8145609593138844,1
1.8538445602208278,1.066078890904516,1
1.5280562130173776,-1.5005079868486164,1
1.399944409515297,-0.8174675116576106,1
0.9265651861078429,0.47447807345964227,1
0.26375058265447926,-1.1304578543095458,1
0.810422724891994,0.5468408733074663,1
0.09183434430329959,0.5364535388252295,0
-1.1574962004648939,-0.6600674247783376,0
-0.9845736681214311,-0.4020491707933653,0
-0.3635965096683622,-0.9536584213373851,0
0.8825274291628823,-0.9793496140193677,1
0.0440734336648231,0.5839455980199487,0
-0.10017323244702805,-1.7875623233066076,0
-0.3496245458481745,-1.3899714051050762,0
